,Title,Link
1,Operator fined for illegal club operation,https://www.info.gov.hk/gia/general/201909/18/P2019091800509.htm
2,警方致力提高道路安全,https://www.info.gov.hk/gia/general/201108/03/P201108030196.htm
3,立法會二十題：自助單車租賃業務,https://www.info.gov.hk/gia/general/201802/07/P2018020700327.htm
4,立法會十五題：自助單車租賃業務及 ...,https://www.info.gov.hk/gia/general/201802/07/P2018020700284.htm
5,立法會四題：香蕉船及水上電單車的 ...,https://www.info.gov.hk/gia/general/201805/09/P2018050900271.htm
6,立法會二十二題：自助單車租賃業務 ...,https://www.info.gov.hk/gia/general/201710/25/P2017102400780.htm
7,立法會：運輸及房屋局副局長就「制 ...,https://www.info.gov.hk/gia/general/201706/15/P2017061500886.htm
8,立法會：運輸及房屋局局長就「制訂 ...,https://www.info.gov.hk/gia/general/201706/15/P2017061500539.htm
9,立法會將辯論制訂單車友善政策的議 ...,https://www.info.gov.hk/gia/general/201706/12/P2017061201186.htm
10,立法會十三題︰單車友善環境,https://www.info.gov.hk/gia/general/201702/08/P2017020800504.htm
11,立法會七題：推動新興運動的發展,https://www.info.gov.hk/gia/general/201905/22/P2019052200320.htm
12,立法會十八題：監察大型工務工程項 ...,https://www.info.gov.hk/gia/general/201905/08/P2019050800574.htm
13,政府將動議實施有關三隧分流的「隧 ...,https://www.info.gov.hk/gia/general/201901/03/P2019010300607.htm
14,立法會八題：單車泊位,https://www.info.gov.hk/gia/general/201707/12/P2017071100941.htm
15,立法會五題：自助單車租賃業務與「 ...,https://www.info.gov.hk/gia/general/201706/21/P2017062100596.htm
16,立法會十九題：「單車友善」環境,https://www.info.gov.hk/gia/general/201601/27/P201601260837.htm
17,立法會十一題：單車泊位,https://www.info.gov.hk/gia/general/201406/04/P201406040300.htm
18,立法會二題：單車配套設施及推廣單 ...,https://www.info.gov.hk/gia/general/201404/09/P201404090423.htm
19,立法會十八題：發展單車徑,https://www.info.gov.hk/gia/general/201402/12/P201402120227.htm
20,立法會十三題：擴展單車徑網絡,https://www.info.gov.hk/gia/general/201310/09/P201310090243.htm
21,立法會七題：單車泊位,https://www.info.gov.hk/gia/general/201305/29/P201305290247.htm
22,立法會十九題︰非法出售或使用電動 ...,https://www.info.gov.hk/gia/general/201305/08/P201305070358.htm
23,立法會二題：「單車友善」政策,https://www.info.gov.hk/gia/general/201211/21/P201211210309_print.htm
24,立法會十三題︰單車徑網絡、設計及 ...,https://www.info.gov.hk/gia/general/201210/24/P201210240265.htm
25,立法會九題：電單車泊位,https://www.info.gov.hk/gia/general/201205/02/P201205020212.htm
26,立法會十七題：單車安全,https://www.info.gov.hk/gia/general/201110/19/P201110190128.htm
27,立法會九題：單車政策及配套設施,https://www.info.gov.hk/gia/general/201110/19/P201110190187.htm
28,立法會十一題︰電單車泊車位,https://www.info.gov.hk/gia/general/201102/16/P201102150213.htm
29,立法會九題︰機動三輪車╱電單車泊 ...,https://www.info.gov.hk/gia/general/201012/08/P201012080110.htm
30,立法會十一題︰單車設施與安全,https://www.info.gov.hk/gia/general/201011/03/P201011030109.htm
31,立法會十七題：單車徑網絡,https://www.info.gov.hk/gia/general/200903/11/P200903110132.htm
32,立法會九題：單車徑的設施,https://www.info.gov.hk/gia/general/200811/12/P200811120120.htm
33,立法會十一題：發展單車徑,https://www.info.gov.hk/gia/general/200806/04/P200806040123.htm
34,立法會十五題：騎單車者安全裝備,https://www.info.gov.hk/gia/general/200806/04/P200806040117.htm
35,立法會二十題：單車設施及推廣騎單 ...,https://www.info.gov.hk/gia/general/200804/30/P200804300195.htm
36,立法會三題：電單車泊車位,https://www.info.gov.hk/gia/general/200711/14/P200711140160.htm
37,立法會十八題：將軍澳區發生涉及單 ...,https://www.info.gov.hk/gia/general/200706/13/P200706130151.htm
38,立法會第十六題：天水圍區內的單車 ...,https://www.info.gov.hk/gia/general/200705/30/P200705300131.htm
39,立法會十八題：違例停泊單車或手推 ...,https://www.info.gov.hk/gia/general/200705/16/P200705160141.htm
40,立法會八題：在行人路上踏單車的檢 ...,https://www.info.gov.hk/gia/general/200602/15/P200602150124.htm
41,立法會十九題：電單車被縱火罪案,https://www.info.gov.hk/gia/general/200512/21/P200512210159.htm
42,立法會七題：單車比賽,https://www.info.gov.hk/gia/general/200512/14/P200512140163.htm
43,立法會十題：市區及郊野公園範圍的 ...,https://www.info.gov.hk/gia/general/200511/16/P200511160179.htm
44,立法會十五題：元朗及屯門區單車徑,https://www.info.gov.hk/gia/general/200410/20/1020155.htm
45,立法會十三題：騎單車人士必須遵守 ...,https://www.info.gov.hk/gia/general/200405/12/0512156.htm
46,立法會二十題：沒有騎單車人士被控 ...,https://www.info.gov.hk/gia/general/200403/24/0324177.htm
47,立法會七題：所有電動單車及滑板均 ...,https://www.info.gov.hk/gia/general/200212/04/1204181.htm
48,立法會十三題：電單車泊車需求,https://www.info.gov.hk/gia/general/200201/16/0116165.htm
49,立法會八題：電動滑板或電動單車不 ...,https://www.info.gov.hk/gia/general/200112/05/1205174.htm
50,立法會十題：新單車公園,https://www.info.gov.hk/gia/general/200106/20/0620159.htm
51,立法會十題：電單車泊車位的需求,https://www.info.gov.hk/gia/general/200005/17/0517139.htm
52,立法會二題：郊野公園單車路徑,https://www.info.gov.hk/gia/general/200001/26/0126195.htm
53,立法會四題：規管越野電單車活動,https://www.info.gov.hk/gia/general/200001/12/0112154.htm
54,立法會十九題：越野電單車活動,https://www.info.gov.hk/gia/general/200001/05/0105125.htm
55,立法會十三題：運載二手電單車,https://www.info.gov.hk/gia/general/199906/16/0616111.htm
56,立法會：政務司司長就根據《基本法 ...,https://www.info.gov.hk/gia/general/201912/04/P2019120400749.htm
57,立法會五題：警務人員在公眾活動的 ...,https://www.info.gov.hk/gia/general/201911/27/P2019112700446.htm
58,立法會七題：社會事件對旅遊業的影 ...,https://www.info.gov.hk/gia/general/201911/27/P2019112700421.htm
59,立法會急切質詢：立即平息民憤的緊 ...,https://www.info.gov.hk/gia/general/201911/13/P2019111300648.htm
60,立法會十題：駕駛考試中心輪候時間,https://www.info.gov.hk/gia/general/201910/30/P2019103000310.htm
61,立法會四題：香港的國際形象及營商 ...,https://www.info.gov.hk/gia/general/201910/23/P2019102300579.htm
62,財政司司長宣布新一輪撐企業和保就 ...,https://www.info.gov.hk/gia/general/201910/22/P2019102200615.htm
63,香港特區參照《公民權利和政治權利 ...,https://www.info.gov.hk/gia/general/201909/20/P2019092000670.htm
64,房屋署署長在房屋委員會公開例會的 ...,https://www.info.gov.hk/gia/general/201907/12/P2019071200813.htm
65,立法會三題：應對氣候變化及保護生 ...,https://www.info.gov.hk/gia/general/201905/29/P2019052900503.htm
66,立法會二十一題：簽發香港正式駕駛 ...,https://www.info.gov.hk/gia/general/201904/17/P2019041600716.htm
67,立法會五題：車輛登記及申領牌照,https://www.info.gov.hk/gia/general/201904/17/P2019041700266.htm
68,港島特別交通安排,https://www.info.gov.hk/gia/general/201904/12/P2019041200815.htm
69,行政長官於記者會開場發言（只有中 ...,https://www.info.gov.hk/gia/general/201903/26/P2019032600851.htm
70,立法會將辯論有關要求政府擱置設立 ...,https://www.info.gov.hk/gia/general/201903/25/P2019032500781.htm
71,中區人流安全管理措施及特別交通安 ...,https://www.info.gov.hk/gia/general/201903/07/P2019030700552.htm
72,運輸及房屋局局長在「三隧分流」隧 ...,https://www.info.gov.hk/gia/general/201903/01/P2019030100460.htm
73,中區特別交通安排,https://www.info.gov.hk/gia/general/201902/22/P2019022200728.htm
74,立法會二十二題：空氣中臭氧濃度,https://www.info.gov.hk/gia/general/201901/30/P2019013000777.htm
75,立法會二十題：打擊違例泊車,https://www.info.gov.hk/gia/general/201901/30/P2019013000626.htm
76,立法會十三題：電動可移動工具,https://www.info.gov.hk/gia/general/201901/30/P2019012900759.htm
77,立法會將辯論實施「隧道費調整方案 ...,https://www.info.gov.hk/gia/general/201901/21/P2019012100824.htm
78,一月十三日港島特別交通措施,https://www.info.gov.hk/gia/general/201901/11/P2019011100890.htm
79,除夕特別交通安排及人流安全管理措 ...,https://www.info.gov.hk/gia/general/201812/28/P2018122800797.htm
80,立法會：環境局局長就「全力轉型為 ...,https://www.info.gov.hk/gia/general/201812/13/P2018121300647.htm
81,立法會二十一題：美食車先導計劃,https://www.info.gov.hk/gia/general/201812/12/P2018121200617.htm
82,立法會十八題：遊樂船隻,https://www.info.gov.hk/gia/general/201812/05/P2018120500230.htm
83,港島特別交通安排,https://www.info.gov.hk/gia/general/201811/30/P2018113000657.htm
84,立法會三題：東涌東的規劃,https://www.info.gov.hk/gia/general/201811/28/P2018112800428.htm
85,審計署署長報告書,https://www.info.gov.hk/gia/general/201811/28/P2018112800306.htm
86,康文署部分康體設施暫停開放,https://www.info.gov.hk/gia/general/201811/23/P2018112300390.htm
87,立法會二十題︰處理塌樹及斷枝,https://www.info.gov.hk/gia/general/201811/14/P2018111400451.htm
88,立法會：民政事務局局長就《行政長 ...,https://www.info.gov.hk/gia/general/201811/09/P2018110900999.htm
89,立法會：運輸及房屋局局長就《行政 ...,https://www.info.gov.hk/gia/general/201811/09/P2018110900887.htm
90,​立法會十二題：風災善後及修復工 ...,https://www.info.gov.hk/gia/general/201810/24/P2018102400539.htm
91,運輸及房屋局局長在立法會交通事務 ...,https://www.info.gov.hk/gia/general/201810/19/P2018101900299.htm
92,政務司司長會見傳媒談話全文（只有 ...,https://www.info.gov.hk/gia/general/201810/13/P2018101300786.htm
93,運輸及房屋局局長在《行政長官2018年 ...,https://www.info.gov.hk/gia/general/201810/12/P2018101200818.htm
94,​《行政長官2018年施政報告》全文（ ...,https://www.info.gov.hk/gia/general/201810/10/P2018101000198.htm
95,行政長官向立法會發表《行政長官2018 ...,https://www.info.gov.hk/gia/general/201810/10/P2018101000232.htm
96,港島特別交通安排,https://www.info.gov.hk/gia/general/201809/28/P2018092800704.htm
97,港島特別交通安排,https://www.info.gov.hk/gia/general/201809/07/P2018090700833.htm
98,立法會六題：港珠澳大橋香港口岸泊 ...,https://www.info.gov.hk/gia/general/201807/11/P2018071100575.htm
99,發展局局長在第五期活化歷史建築伙 ...,https://www.info.gov.hk/gia/general/201807/05/P2018070500742.htm
100,立法會十三題：駕駛改進課程,https://www.info.gov.hk/gia/general/201807/04/P2018070300811.htm
